Start Time (Seconds),End Time (Seconds),Duration (Seconds),Component,Energy Consumption (Joule)
0,60.511,60.511,screen dark,11.1272951768
0,17.228,17.228,wifi radio,4.639230437240001
17.228,19.922,2.693999999999999,wifi running,0.036921054479999986
19.922,41.125,21.203,wifi radio,5.70963564899
41.125,60.504,19.378999999999998,wifi running,0.26558764467999996
60.504,60.511,0.007000000000005002,wifi radio,0.001884990310001347
0.0,9.106479999987641,9.106479999987641,core 0 cpu_idle start,0.1382318131598124
9.106479999987641,68.55399999998917,59.44752000000153,core 0 cpu_idle,0.9023836298400233
0.0,9.10590099998808,9.10590099998808,core 1 cpu_idle start,0.13822302422931906
9.10590099998808,68.55399999998917,59.44809900000109,core 1 cpu_idle,0.9023924187705166
0.0,9.105646999989403,9.105646999989403,core 2 cpu_idle start,0.13821916863633915
9.105646999989403,68.55399999998917,59.44835299999977,core 2 cpu_idle,0.9023962743634966
0.0,9.107712999990326,9.107712999990326,core 3 cpu_idle start,0.13825052948335317
9.107712999990326,68.55399999998917,59.44628699999885,core 3 cpu_idle,0.9023649135164825
0.0,9.105644999988726,9.105644999988726,core 4 cpu_idle start,0.13821913827732887
9.105644999988726,68.55399999998917,59.44835500000045,core 4 cpu_idle,0.9023963047225068
0.0,9.106710999985808,9.106710999985808,core 5 cpu_idle start,0.13823531962428456
9.106710999985808,68.55399999998917,59.447289000003366,core 5 cpu_idle,0.9023801233755511
0.0,9.105682999987039,9.105682999987039,core 6 cpu_idle start,0.13821971509830325
9.105682999987039,68.55399999998917,59.448317000002135,core 6 cpu_idle,0.9023957279015324
0.0,9.107269000000088,9.107269000000088,core 7 cpu_idle start,0.13824378978550134
9.107269000000088,68.55399999998917,59.446730999989086,core 7 cpu_idle,0.9023716532143343
